"ID","Nome","Total de Empregos","Cor"
"0101","Generais Das Forças Armadas","0","#A4BD99"
"0102","Oficiais Das Forças Armadas","0","#A4BD99"
"0103","Praças Das Forças Armadas","0","#A4BD99"
"0201","Oficiais da Polícia Militar","0","#A4BD99"
"0202","Capitães da Polícia Militar","0","#A4BD99"
"0203","Tenentes da Polícia Militar","0","#A4BD99"
"0211","Subtenentes e Sargentos da Policia Militar","0","#A4BD99"
"0212","Cabos e Soldados da Policia Militar","0","#A4BD99"
"0301","Oficiais Superiores Dos Bombeiros","0","#A4BD99"
"0302","Oficiais Intermediários Dos Bombeiros","0","#A4BD99"
"0303","Tenentes Dos Bombeiros","0","#A4BD99"
"0311","Sargentos Dos Bombeiros","0","#A4BD99"
"0312","Cabos e Soldados Dos Bombeiros","0","#A4BD99"
"1111","Legisladores","0","#752277"
"1112","Dirigentes da Administração Pública","23,4 Mil","#752277"
"1113","Magistrados","14,8 Mil","#752277"
"1114","Dirigentes do Serviço Público","773 Mil","#752277"
"1115","Gestores Públicos","3,83 Mil","#752277"
"1130","Líderes Indígenas","253","#752277"
"1141","Dirigentes de Partidos Políticos","274","#752277"
"1142","Dirigentes de Entidades Patronais e Profissionais","3,19 Mil","#752277"
"1143","Dirigentes de Entidades Religiosas","328","#752277"
"1144","Dirigentes de Organizações Sem Fins Lucrativos","1,07 Mil","#752277"
"1210","Diretores Gerais","27,4 Mil","#752277"
"1221","Diretores de Produção e Operações Agropecuária","745","#752277"
"1222","Diretores de Produção em Indústria Extrativa","1,59 Mil","#752277"
"1223","Diretores de Obras em Construção","2,42 Mil","#752277"
"1224","Diretores de Operações em Comércio","1,58 Mil","#752277"
"1225","Diretores de Operações em Turismo","1,03 Mil","#752277"
"1226","Diretores de Operações em Armazenagem e Transporte","2,62 Mil","#752277"
"1227","Diretores de Operações em Intermediação Financeira","1,87 Mil","#752277"
"1231","Diretores Administrativos e Financeiros","66 Mil","#752277"
"1232","Diretores de Recursos Humanos","2,9 Mil","#752277"
"1233","Diretores de Comercialização e Marketing","12,6 Mil","#752277"
"1234","Diretores de Suprimentos e Afins","1,94 Mil","#752277"
"1236","Diretores de Serviços de Informática","2,83 Mil","#752277"
"1237","Diretores de Pesquisa e Desenvolvimento","1,39 Mil","#752277"
"1238","Diretores de Manutenção","1,81 Mil","#752277"
"1311","Diretores de Serviços Sociais","18,6 Mil","#752277"
"1312","Diretores de Serviços de Saúde","26,4 Mil","#752277"
"1313","Diretores de Serviços Educacionais","49,5 Mil","#752277"
"1411","Gerentes de Produção e Operações em Agropecuária","15,7 Mil","#752277"
"1412","Gerentes de Produção e Operações na Indústria","75,1 Mil","#752277"
"1413","Gerentes em Construção","12,8 Mil","#752277"
"1414","Gerentes de Operações Comerciais","231 Mil","#752277"
"1415","Gerentes de Operações em Turismo","68,1 Mil","#752277"
"1416","Gerentes de Operações em Armazenagem e Transporte","42,6 Mil","#752277"
"1417","Gerentes de Operações em Intermediação Financeira","29,7 Mil","#752277"
"1421","Gerentes Administrativos e Financeiros","392 Mil","#752277"
"1422","Gerentes de Recursos Humanos","50,6 Mil","#752277"
"1423","Gerentes de Comercialização e Marketing","371 Mil","#752277"
"1424","Gerentes de Suprimentos e Afins","30,1 Mil","#752277"
"1425","Gerentes de Tecnologia da Informação","37,7 Mil","#752277"
"1426","Gerentes de Pesquisa e Desenvolvimento","17,3 Mil","#752277"
"1427","Gerentes de Manutenção e Afins","24,4 Mil","#752277"
"2011","Profissionais da Biotecnologia","2,27 Mil","#cc0000"
"2012","Profissionais da Metrologia","1,78 Mil","#cc0000"
"2021","Engenheiros Mecatrônicos","2,27 Mil","#cc0000"
"2030","Pesquisadores Das Ciências Biológicas","3,41 Mil","#cc0000"
"2031","Pesquisadores Das Ciências Naturais e Exatas","1,63 Mil","#cc0000"
"2032","Pesquisadores de Engenharia e Tecnologia","10,4 Mil","#cc0000"
"2033","Pesquisadores Das Ciências da Saúde","2,73 Mil","#cc0000"
"2034","Pesquisadores Das Ciências da Agricultura","1,82 Mil","#cc0000"
"2035","Pesquisadores Das Ciências Sociais e Humanas","2,42 Mil","#cc0000"
"2041","Peritos Criminais","5,16 Mil","#cc0000"
"2111","Profissionais da Matemática","3,15 Mil","#cc0000"
"2112","Profissionais de Estatística","3,72 Mil","#cc0000"
"2122","Engenheiros em Computação","6,32 Mil","#cc0000"
"2123","Administradores de Tecnologia da Informação","21,1 Mil","#cc0000"
"2124","Analistas de Tecnologia da Informação","284 Mil","#cc0000"
"2131","Físicos","1,16 Mil","#cc0000"
"2132","Químicos","7,5 Mil","#cc0000"
"2133","Profissionais de Astronomia e Afins","344","#cc0000"
"2134","Geólogos e Afins","6,44 Mil","#cc0000"
"2140","Engenheiros Ambientais","2,65 Mil","#cc0000"
"2141","Arquitetos e Urbanistas","19,9 Mil","#cc0000"
"2142","Engenheiros Civis","84,1 Mil","#cc0000"
"2143","Engenheiros Eletricistas","34,7 Mil","#cc0000"
"2144","Engenheiros Mecânicos","33,4 Mil","#cc0000"
"2145","Engenheiros Químicos","10,6 Mil","#cc0000"
"2146","Engenheiros Metalurgistas","3,67 Mil","#cc0000"
"2147","Engenheiros de Minas","4,71 Mil","#cc0000"
"2148","Engenheiros Agrimensores e Cartógrafos","985","#cc0000"
"2149","Engenheiros de Produção","42,6 Mil","#cc0000"
"2151","Oficiais de Convés","8,89 Mil","#cc0000"
"2152","Oficiais de Máquinas da Marinha","2,94 Mil","#cc0000"
"2153","Pilotos da Aeronáutica","9,69 Mil","#cc0000"
"2211","Biólogos","14,6 Mil","#cc0000"
"2212","Biomédicos","7,68 Mil","#cc0000"
"2221","Engenheiros Agrossilvipecuários","24,8 Mil","#cc0000"
"2222","Engenheiros de Alimentos","424","#cc0000"
"2231","Médicos","0","#cc0000"
"2232","Cirurgiões-Dentistas","64,8 Mil","#cc0000"
"2233","Veterinários e Zootecnistas","20,8 Mil","#cc0000"
"2234","Farmacêuticos","115 Mil","#cc0000"
"2235","Enfermeiros","263 Mil","#cc0000"
"2236","Fisioterapeutas","48 Mil","#cc0000"
"2237","Nutricionistas","40,6 Mil","#cc0000"
"2238","Fonoaudiólogos","14,6 Mil","#cc0000"
"2239","Terapeutas Ocupacionais","6,97 Mil","#cc0000"
"2241","Profissionais da Educação Física","49,2 Mil","#cc0000"
"2251","Médicos Clínicos","240 Mil","#cc0000"
"2252","Médicos Cirurgiões","26,1 Mil","#cc0000"
"2253","Médicos em Medicina Diagnóstica e Terapêutica","3,92 Mil","#cc0000"
"2261","Osteopatas e Quiropraxistas","1","#cc0000"
"2263","Profissionais Das Terapias Criativas e Equoterápicas","97","#cc0000"
"2311","Professores na Educação Infantil","132 Mil","#cc0000"
"2312","Professores do Ensino Fundamental 1","845 Mil","#cc0000"
"2313","Professores do Ensino Fundamental 2","231 Mil","#cc0000"
"2321","Professores do Ensino Médio","446 Mil","#cc0000"
"2331","Professores do Ensino Profissional","38,9 Mil","#cc0000"
"2332","Instrutores do Ensino Profissional","69,9 Mil","#cc0000"
"2341","Professores de Exatas do Ensino Superior","19 Mil","#cc0000"
"2342","Professores de Física e Química do Ensino Superior","4,62 Mil","#cc0000"
"2343","Professores de Arquitetura e Engenharia do Ensino Superior","16,1 Mil","#cc0000"
"2344","Professores de Ciências Biomédicas do Ensino Superior","45,7 Mil","#cc0000"
"2345","Professores de Pedagogia do Ensino Superior","181 Mil","#cc0000"
"2346","Professores de Letras do Ensino Superior","52,9 Mil","#cc0000"
"2347","Professores de Ciências Humanas do Ensino Superior","35,5 Mil","#cc0000"
"2348","Professores de Ciências Sociais Aplicadas do Ensino Superior","30,4 Mil","#cc0000"
"2349","Professores de Artes do Ensino Superior","5,25 Mil","#cc0000"
"2392","Professores de Educação Especial","17,6 Mil","#cc0000"
"2394","Outros Profissionais de Ensino","180 Mil","#cc0000"
"2410","Advogados","83 Mil","#cc0000"
"2412","Procuradores e Advogados Públicos","21,6 Mil","#cc0000"
"2413","Tabeliães e Registradores","2,58 Mil","#cc0000"
"2422","Membros do Ministério Público","9,4 Mil","#cc0000"
"2423","Delegados de Polícia","12,6 Mil","#cc0000"
"2424","Defensores Públicos","4,47 Mil","#cc0000"
"2429","Profissionais da Inteligência","725","#cc0000"
"2511","Antropologistas","1,73 Mil","#cc0000"
"2512","Economistas","42,2 Mil","#cc0000"
"2513","Geógrafos","1,3 Mil","#cc0000"
"2514","Filósofos","38","#cc0000"
"2515","Psicólogos e Psicanalistas","54,4 Mil","#cc0000"
"2516","Assistentes Sociais","69,6 Mil","#cc0000"
"2521","Administradores","205 Mil","#cc0000"
"2522","Contadores","157 Mil","#cc0000"
"2523","Secretários Executivos","161 Mil","#cc0000"
"2524","Profissionais de Recursos Humanos","76 Mil","#cc0000"
"2525","Analistas Econômico-Financeiros","65,3 Mil","#cc0000"
"2526","Profissionais de Segurança","776","#cc0000"
"2531","Relações Públicas","40,5 Mil","#cc0000"
"2532","Gerentes Bancários","71,1 Mil","#cc0000"
"2533","Corretores de Valores","4 Mil","#cc0000"
"2541","Auditores Fiscais e Técnicos da Receita Federal","19,2 Mil","#cc0000"
"2542","Auditores Fiscais da Previdência Social","119","#cc0000"
"2543","Auditores Fiscais do Trabalho","14,7 Mil","#cc0000"
"2544","Fiscais de Tributos","42,1 Mil","#cc0000"
"2611","Jornalistas","47,6 Mil","#cc0000"
"2612","Cientistas da Informação","27,9 Mil","#cc0000"
"2613","Arquivistas e Museólogos","7,27 Mil","#cc0000"
"2614","Filólogos, Tradutores e Intérpretes","4,2 Mil","#cc0000"
"2615","Escritores","3,01 Mil","#cc0000"
"2616","Editores","3,4 Mil","#cc0000"
"2617","Locutores, Comentaristas e Repórteres","17,9 Mil","#cc0000"
"2618","Fotógrafos","5,44 Mil","#cc0000"
"2621","Produtores Artísticos e Culturais","6,03 Mil","#cc0000"
"2622","Diretores de Espetáculos","1,87 Mil","#cc0000"
"2623","Cenógrafos","4,42 Mil","#cc0000"
"2624","Artistas Visuais","28,9 Mil","#cc0000"
"2625","Atores","916","#cc0000"
"2626","Músicos Compositores","4,59 Mil","#cc0000"
"2627","Intérpretes Musicais","6,48 Mil","#cc0000"
"2628","Artistas da Dança","5,69 Mil","#cc0000"
"2629","Designer de Interiores","809","#cc0000"
"2631","Profissionais de Cultos Religiosos","3,6 Mil","#cc0000"
"2711","Profissionais em Gastronomia","12 Mil","#cc0000"
"3001","Técnicos em Mecatrônica","4,78 Mil","#d66011"
"3003","Técnicos em Eletromecânica","13,6 Mil","#d66011"
"3011","Técnicos em Laboratório Industrial","42 Mil","#d66011"
"3012","Técnicos de Apoio À Bioengenharia","280","#d66011"
"3111","Técnicos Químicos","29,6 Mil","#d66011"
"3112","Técnicos Petroquímicos","1,13 Mil","#d66011"
"3113","Técnicos em Materiais, Cerâmicas e Vidros","1,24 Mil","#d66011"
"3114","Técnicos em Plásticos e Borracha","10,2 Mil","#d66011"
"3115","Técnicos Ambientais e Efluentes","13,4 Mil","#d66011"
"3116","Técnicos Têxteis","2,32 Mil","#d66011"
"3117","Coloristas","34,8 Mil","#d66011"
"3121","Técnicos em Edificações","52,9 Mil","#d66011"
"3122","Técnicos em Obras de Infraestrutura","16,7 Mil","#d66011"
"3123","Técnicos em Geomática","26,1 Mil","#d66011"
"3131","Técnicos Eletricistas","103 Mil","#d66011"
"3132","Técnicos em Eletrônica","148 Mil","#d66011"
"3133","Técnicos em Telecomunicações","51,9 Mil","#d66011"
"3134","Técnicos em Instrumentação e Calibração","18,3 Mil","#d66011"
"3135","Técnicos em Fotônica","2,46 Mil","#d66011"
"3141","Técnicos Mecânicos","74,2 Mil","#d66011"
"3142","Técnicos de Ferramentas","5,47 Mil","#d66011"
"3143","Técnicos em Mecânica Veicular","5,86 Mil","#d66011"
"3144","Técnicos de Manutenção de Máquinas","27 Mil","#d66011"
"3146","Técnicos em Metalurgia","7,8 Mil","#d66011"
"3147","Técnicos em Siderurgia","4,8 Mil","#d66011"
"3161","Técnicos em Geologia","1,81 Mil","#d66011"
"3163","Técnicos em Mineração","4,89 Mil","#d66011"
"3171","Técnicos de Desenvolvimento de Sistemas","69,4 Mil","#d66011"
"3172","Técnicos em Operação de Computadores","85,4 Mil","#d66011"
"3180","Desenhistas Técnicos em Geral","17,8 Mil","#d66011"
"3181","Desenhistas Técnicos da Construção Civil","7,92 Mil","#d66011"
"3182","Desenhistas Técnicos da Mecânica","3,58 Mil","#d66011"
"3183","Desenhistas Técnicos","1,31 Mil","#d66011"
"3184","Desenhistas Técnicos de Produtos e Serviços","10,4 Mil","#d66011"
"3185","Projetistas de Construção Civil","14,7 Mil","#d66011"
"3186","Projetistas da Mecânica","15,7 Mil","#d66011"
"3187","Projetistas da Eletrônica","4,12 Mil","#d66011"
"3188","Projetistas de Produtos e Serviços","16,4 Mil","#d66011"
"3191","Técnicos do Vestuário","1,12 Mil","#d66011"
"3192","Técnicos do Mobiliário","467","#d66011"
"3201","Técnicos em Biologia","834","#d66011"
"3211","Técnicos Agrícolas","36 Mil","#d66011"
"3212","Técnicos Florestais","6,28 Mil","#d66011"
"3213","Técnicos em Aquicultura","676","#d66011"
"3221","Técnicos em Terapias Alternativas","15,6 Mil","#d66011"
"3222","Técnicos e Auxiliares de Enfermagem","868 Mil","#d66011"
"3223","Técnicos em Optometria","6,22 Mil","#d66011"
"3224","Técnicos de Odontologia","85 Mil","#d66011"
"3225","Técnicos em Próteses Ortopédicas","1,53 Mil","#d66011"
"3226","Técnicos de Imobilizações Ortopédicas","3,09 Mil","#d66011"
"3231","Técnicos em Pecuária","637","#d66011"
"3241","Técnicos em Diagnóstico e Terapia","62 Mil","#d66011"
"3242","Técnicos em Patologia Clínica","46,1 Mil","#d66011"
"3250","Enólogos, Perfumistas e Aromistas","2,29 Mil","#d66011"
"3251","Técnicos em Farmácia","18,2 Mil","#d66011"
"3252","Técnicos em Produção Alimentos","11,7 Mil","#d66011"
"3253","Técnicos de Apoio À Biotecnologia","818","#d66011"
"3281","Técnicos em Necropsia e Taxidermistas","871","#d66011"
"3311","Professores de Nível Médio na Educação Infantil","306 Mil","#d66011"
"3312","Professores de Nível Médio no Ensino Básico","764 Mil","#d66011"
"3313","Professores de Nível Médio no Ensino Profissionalizante","27,2 Mil","#d66011"
"3321","Professores Leigos no Ensino Fundamental","30,7 Mil","#d66011"
"3322","Professores Práticos no Ensino Profissionalizante","10,1 Mil","#d66011"
"3331","Instrutores e Professores de Escolas Livres","121 Mil","#d66011"
"3341","Inspetores de Alunos","164 Mil","#d66011"
"3411","Pilotos de Aviação Comercial","2,86 Mil","#d66011"
"3412","Pescadores","4,68 Mil","#d66011"
"3413","Técnicos Marítimos","2,81 Mil","#d66011"
"3421","Técnicos em Logística de Transportes","63,1 Mil","#d66011"
"3422","Despachantes Aduaneiros","7,57 Mil","#d66011"
"3423","Técnicos em Transportes Rodoviários","48,3 Mil","#d66011"
"3424","Técnicos em Transportes Metroferroviários","17,1 Mil","#d66011"
"3425","Técnicos em Transportes Aéreos","24,6 Mil","#d66011"
"3426","Técnicos Porturários e Transporte","4,15 Mil","#d66011"
"3511","Técnicos em Contabilidade","40,1 Mil","#d66011"
"3513","Técnicos em Administração","74,6 Mil","#d66011"
"3514","Serventuários da Justiça","174 Mil","#d66011"
"3515","Técnicos em Secretariado","78 Mil","#d66011"
"3516","Técnicos em Segurança do Trabalho","94 Mil","#d66011"
"3517","Técnicos de Seguros","43,2 Mil","#d66011"
"3518","Agentes de Investigação","49,6 Mil","#d66011"
"3519","Técnicos da Inteligência","436","#d66011"
"3522","Agentes da Saúde e do Meio Ambiente","142 Mil","#d66011"
"3523","Agentes Fiscais","15,8 Mil","#d66011"
"3524","Profissionais de Direitos Autorais","756","#d66011"
"3532","Técnicos em Serviços Bancários","21,6 Mil","#d66011"
"3541","Especialistas em Vendas","327 Mil","#d66011"
"3542","Compradores","77,9 Mil","#d66011"
"3543","Analistas de Comércio Exterior","17,2 Mil","#d66011"
"3544","Leiloeiros e Avaliadores","2,78 Mil","#d66011"
"3545","Corretores de Seguros","1,61 Mil","#d66011"
"3546","Corretores de Imóveis","2,66 Mil","#d66011"
"3547","Representantes Comerciais Autônomos","4,56 Mil","#d66011"
"3548","Técnicos em Turismo e Eventos","27,7 Mil","#d66011"
"3711","Técnicos em Biblioteconomia","19,1 Mil","#d66011"
"3712","Técnicos em Museologia","422","#d66011"
"3713","Técnicos em Artes Gráficas","3,28 Mil","#d66011"
"3714","Recreadores","51,1 Mil","#d66011"
"3721","Técnicos em Cinematografia","7,34 Mil","#d66011"
"3722","Técnicos em Teleprocessamento","6,96 Mil","#d66011"
"3731","Técnicos em Operação de Emissoras de Rádio","10,6 Mil","#d66011"
"3732","Técnicos de TV e Vídeo","24,7 Mil","#d66011"
"3741","Técnicos em Áudio","13,7 Mil","#d66011"
"3742","Técnicos em Cenografia","2,6 Mil","#d66011"
"3743","Técnicos de Projeção","2,09 Mil","#d66011"
"3744","Técnicos em Edição de Filme e Vídeo","14,5 Mil","#d66011"
"3751","Decoradores e Vitrinistas","10,1 Mil","#d66011"
"3761","Dançarinos","340","#d66011"
"3762","Artistas de Circo","980","#d66011"
"3763","Apresentadores","2,38 Mil","#d66011"
"3764","Modelos","277","#d66011"
"3771","Atletas Profissionais","8,37 Mil","#d66011"
"3772","Árbitros Desportivos","449","#d66011"
"3911","Técnicos de Planejamento e Controle de Produção","155 Mil","#d66011"
"3912","Técnicos de Controle da Produção","190 Mil","#d66011"
"3951","Técnicos de Apoio em Pesquisa e Desenvolvimento","19,1 Mil","#d66011"
"4101","Supervisores Administrativos","453 Mil","#b7834b"
"4102","Supervisores Financeiros","85,3 Mil","#b7834b"
"4110","Assistentes Administrativos","4,7 Milhões","#b7834b"
"4121","Processadores de Dados","58,3 Mil","#b7834b"
"4122","Contínuos","198 Mil","#b7834b"
"4131","Auxiliares de Contabilidade","260 Mil","#b7834b"
"4132","Escriturários de Serviços Bancários","383 Mil","#b7834b"
"4141","Almoxarifes","650 Mil","#b7834b"
"4142","Apontadores e Conferentes","237 Mil","#b7834b"
"4151","Auxiliares de Documentação","27,9 Mil","#b7834b"
"4152","Auxiliares de Correios","88,5 Mil","#b7834b"
"4201","Supervisores de Atendimento Ao Público","98 Mil","#b7834b"
"4211","Caixas e Bilheteiros (Exceto Bancários)","938 Mil","#b7834b"
"4212","Coletores de Apostas","20,3 Mil","#b7834b"
"4213","Cobradores","108 Mil","#b7834b"
"4221","Recepcionistas","708 Mil","#b7834b"
"4222","Operadores de Telefonia","148 Mil","#b7834b"
"4223","Operadores de Telemarketing","478 Mil","#b7834b"
"4231","Despachantes","11,2 Mil","#b7834b"
"4241","Entrevistadores e Recenseadores","15,6 Mil","#b7834b"
"5101","Supervisores de Turismo e Afins","37,3 Mil","#17bcef"
"5102","Supervisores de Lavanderia","4,39 Mil","#17bcef"
"5103","Supervisores Dos Serviços de Segurança","22,5 Mil","#17bcef"
"5111","Trabalhadores de Segurança Nos Transportes","18,2 Mil","#17bcef"
"5112","Trabalhadores Dos Transportes Coletivos","209 Mil","#17bcef"
"5114","Guias de Turismo","1,14 Mil","#17bcef"
"5121","Trabalhadores Dos Serviços Domésticos","0","#17bcef"
"5131","Mordomos e Governantas","11 Mil","#17bcef"
"5132","Cozinheiros","645 Mil","#17bcef"
"5133","Camareiros e Roupeiros","101 Mil","#17bcef"
"5134","Garçons e Barmen","841 Mil","#17bcef"
"5135","Outros Trabalhadores Nos Serviços de Alimentação","212 Mil","#17bcef"
"5136","Cozinheiros Especializados","25,2 Mil","#17bcef"
"5141","Trabalhadores de Administração de Edifícios","359 Mil","#17bcef"
"5142","Lixeiros","909 Mil","#17bcef"
"5143","Outros Trabalhadores de Edifícios","1,7 Milhão","#17bcef"
"5151","Agentes de Saúde","338 Mil","#17bcef"
"5152","Auxiliares de Laboratório da Saúde","91,6 Mil","#17bcef"
"5153","Trabalhadores de Atenção a Pessoas em Risco","37,3 Mil","#17bcef"
"5161","Trabalhadores Nos Serviços de Embelezamento e Higiene","66,6 Mil","#17bcef"
"5162","Cuidadores","56,2 Mil","#17bcef"
"5163","Tintureiros e Lavadeiros","92,1 Mil","#17bcef"
"5164","Lavadores e Passadores de Roupa","9,38 Mil","#17bcef"
"5165","Trabalhadores Dos Serviços Funerários","10,3 Mil","#17bcef"
"5166","Outros Trabalhadores Dos Serviços Funerários","5,79 Mil","#17bcef"
"5167","Astrólogos e Numerólogos","1,31 Mil","#17bcef"
"5168","Esotéricos e Paranormais","115","#17bcef"
"5171","Bombeiros e Salva-Vidas","29,4 Mil","#17bcef"
"5172","Policiais, Guardas Civis e Agentes de Trânsito","122 Mil","#17bcef"
"5173","Vigilantes e Guardas de Segurança","840 Mil","#17bcef"
"5174","Porteiros e Vigias","950 Mil","#17bcef"
"5191","Motociclistas de Entregas Rápidas","136 Mil","#17bcef"
"5192","Coletores de Material Reciclável","11,9 Mil","#17bcef"
"5193","Trabalhadores de Serviços Veterinários","19,1 Mil","#17bcef"
"5198","Profissionais do Sexo","0","#17bcef"
"5199","Outros Trabalhadores Dos Serviços","134 Mil","#17bcef"
"5201","Supervisores de Vendas","125 Mil","#17bcef"
"5211","Vendedores","3,52 Milhões","#17bcef"
"5231","Instaladores de Produtos e Acessórios","23,8 Mil","#17bcef"
"5241","Vendedores em Domicílio","42,9 Mil","#17bcef"
"5242","Vendedores em Bancas, Quiosques e Barracas","9,46 Mil","#17bcef"
"5243","Vendedores Ambulantes","8,47 Mil","#17bcef"
"6110","Produtores Agropecuários em Geral","3,19 Mil","#105B10"
"6120","Produtores Agrícolas Polivalentes","5,86 Mil","#105B10"
"6121","Produtores Agrícolas de Gramíneas","930","#105B10"
"6122","Produtores Agrícolas de Plantas Fibrosas","486","#105B10"
"6123","Produtores Agrícolas de Horticulturas","637","#105B10"
"6124","Produtores Agrícolas de Flores","409","#105B10"
"6125","Produtores Agrícolas na Fruticultura","1,2 Mil","#105B10"
"6126","Produtores Agrícolas na Cultura de Plantas Estimulantes","93","#105B10"
"6127","Produtores Agrícolas de Oleaginosas","90","#105B10"
"6128","Produtores de Especiarias e Medicinais","59","#105B10"
"6130","Produtores em Pecuária Polivalentes","473","#105B10"
"6131","Produtores em Pecuária de Animais de Grande Porte","1,56 Mil","#105B10"
"6132","Produtores em Pecuária de Animais de Médio Porte","520","#105B10"
"6133","Produtores da Avicultura e Cunicultura","2,36 Mil","#105B10"
"6134","Produtores de Animais e Insetos","255","#105B10"
"6201","Supervisores na Exploração Agropecuária","36 Mil","#105B10"
"6210","Trabalhadores Agropecuários em Geral","363 Mil","#105B10"
"6220","Trabalhadores de Apoio À Agricultura","215 Mil","#105B10"
"6221","Agricultores de Gramíneas","184 Mil","#105B10"
"6222","Agricultores de Plantas Fibrosas","952","#105B10"
"6223","Agricultores de Horticulturas","10,3 Mil","#105B10"
"6224","Agricultores de Flores","13,6 Mil","#105B10"
"6225","Agricultores na Fruticultura","76,2 Mil","#105B10"
"6226","Agricultores Nas Culturas de Plantas Estimulantes","23,2 Mil","#105B10"
"6227","Agricultores de Oleaginosas","10,1 Mil","#105B10"
"6228","Agricultores de Especiarias e Medicinais","684","#105B10"
"6230","Trabalhadores Polivalentes de Animais","34 Mil","#105B10"
"6231","Trabalhadores na Pecuária de Grande Porte","117 Mil","#105B10"
"6232","Trabalhadores na Pecuária de Médio Porte","15,2 Mil","#105B10"
"6233","Trabalhadores na Avicultura e Cunicultura","58,7 Mil","#105B10"
"6234","Trabalhadores na Criação de Animais e Insetos","1,02 Mil","#105B10"
"6301","Supervisores na Área Florestal e Aquicultura","5,11 Mil","#105B10"
"6310","Pescadores Polivalentes","654","#105B10"
"6311","Pescadores Profissionais de Água Doce","72","#105B10"
"6312","Pescadores de Água Costeira e Alto Mar","3,92 Mil","#105B10"
"6313","Criadores de Animais Aquáticos","3,24 Mil","#105B10"
"6314","Trabalhadores de Apoio À Pesca","442","#105B10"
"6320","Trabalhadores Florestais Polivalentes","3,34 Mil","#105B10"
"6321","Extrativistas de Madeira","59,2 Mil","#105B10"
"6322","Extrativistas de Gomas e Resinas","7,1 Mil","#105B10"
"6323","Extrativistas de Fibras, Ceras e Óleos","535","#105B10"
"6324","Extrativistas de Alimentos Silvestres","1,48 Mil","#105B10"
"6325","Extrativistas de Substâncias Medicinais","1,02 Mil","#105B10"
"6326","Carvoejadores","13 Mil","#105B10"
"6410","Trabalhadores da Mecanização Agropecuária","201 Mil","#105B10"
"6420","Trabalhadores da Mecanização Florestal","16,1 Mil","#105B10"
"6430","Trabalhadores da Irrigação e Drenagem","3,2 Mil","#105B10"
"7101","Supervisores da Extração Mineral","7,1 Mil","#9edae5"
"7102","Supervisores da Construção Civil","143 Mil","#9edae5"
"7111","Trabalhadores da Extração de Minerais Sólidos","20,8 Mil","#9edae5"
"7112","Operadores de Máquinas da Extração Mineral","48,6 Mil","#9edae5"
"7113","Trabalhadores da Extração de Minerais Líquidos e Gasosos","16 Mil","#9edae5"
"7114","Trabalhadores de Extração de Sal","1,56 Mil","#9edae5"
"7121","Trabalhadores no Beneficiamento de Minérios","10,9 Mil","#9edae5"
"7122","Trabalhadores no Beneficiamento de Pedras","28 Mil","#9edae5"
"7151","Escavadores","162 Mil","#9edae5"
"7152","Trabalhadores de Alvenaria","532 Mil","#9edae5"
"7153","Montadores de Concreto Armado","76,6 Mil","#9edae5"
"7154","Operadores de Máquinas de Concreto","28,7 Mil","#9edae5"
"7155","Montadores de Estruturas","189 Mil","#9edae5"
"7156","Trabalhadores de Instalações Elétricas","149 Mil","#9edae5"
"7157","Aplicadores de Materiais Isolantes","15,8 Mil","#9edae5"
"7161","Revestidores de Concreto","4,86 Mil","#9edae5"
"7162","Telhadores","993","#9edae5"
"7163","Vidraceiros","29,4 Mil","#9edae5"
"7164","Gesseiros","29,2 Mil","#9edae5"
"7165","Aplicadores de Pisos e Revestimentos","25,6 Mil","#9edae5"
"7166","Pintores de Obras e Interiores","91,6 Mil","#9edae5"
"7170","Ajudantes de Obras Civis","892 Mil","#9edae5"
"7201","Supervisores de Tratamento de Metais","20,6 Mil","#9edae5"
"7202","Supervisores da Fabricação Metalomecânica","18,7 Mil","#9edae5"
"7211","Ferramenteiros","31,9 Mil","#9edae5"
"7212","Operadores de Máquinas","249 Mil","#9edae5"
"7213","Afiadores e Polidores de Metais","23,8 Mil","#9edae5"
"7214","Operadores de Máquinas CNC","46,9 Mil","#9edae5"
"7221","Trabalhadores de Forjamento de Metais","11,9 Mil","#9edae5"
"7222","Trabalhadores de Fundição de Metais","33,6 Mil","#9edae5"
"7223","Trabalhadores de Moldagem de Metais","17,4 Mil","#9edae5"
"7224","Trabalhadores de Trefilação e Estiramento de Metais","7,48 Mil","#9edae5"
"7231","Trabalhadores de Tratamento Térmico de Metais","5,88 Mil","#9edae5"
"7232","Trabalhadores de Tratamento Termoquímico de Metais","15,4 Mil","#9edae5"
"7233","Pintores de Equipamentos e Estruturas Metálicas","90,6 Mil","#9edae5"
"7241","Encanadores","111 Mil","#9edae5"
"7242","Trabalhadores de Traçagem de Estruturas Metálicas","95,8 Mil","#9edae5"
"7243","Trabalhadores de Soldagem","218 Mil","#9edae5"
"7244","Trabalhadores de Caldeiraria","144 Mil","#9edae5"
"7245","Operadores de Máquinas de Conformação de Materiais","51,5 Mil","#9edae5"
"7246","Trançadores e Lanceiros de Cabos de Aço","1,05 Mil","#9edae5"
"7250","Ajustadores Mecânicos Polivalentes","46,1 Mil","#9edae5"
"7251","Montadores de Máquinas em Linhas de Montagem","39,1 Mil","#9edae5"
"7252","Montadores de Máquinas Industriais","46,8 Mil","#9edae5"
"7253","Montadores de Máquinas Pesadas","9,28 Mil","#9edae5"
"7254","Montadores de Motores","5,79 Mil","#9edae5"
"7255","Montadores de Veículos em Linhas de Montagem","48,6 Mil","#9edae5"
"7256","Montadores de Aeronaves","1,96 Mil","#9edae5"
"7257","Instaladores de Equipamentos de Refrigeração","16,1 Mil","#9edae5"
"7301","Supervisores de Fabricação Eletroeletrônica","10 Mil","#9edae5"
"7311","Montadores de Equipamentos Eletroeletrônicos","153 Mil","#9edae5"
"7312","Montadores de Aparelhos de Telecomunicações","4,58 Mil","#9edae5"
"7313","Reparadores de Equipamentos de Telecomunicações","44,5 Mil","#9edae5"
"7321","Instaladores e Reparadores de Linhas de Comunicações","105 Mil","#9edae5"
"7401","Supervisores da Mecânica de Instrumentos","1,13 Mil","#9edae5"
"7411","Montadores de Instrumentos de Precisão","9,95 Mil","#9edae5"
"7421","Montadores de Instrumentos Musicais","738","#9edae5"
"7501","Supervisores de Joalheria","255","#9edae5"
"7502","Supervisores de Vidraria e Cerâmica","1,36 Mil","#9edae5"
"7510","Joalheiros e Lapidadores","4,25 Mil","#9edae5"
"7511","Artesãos de Metais Preciosos","9,34 Mil","#9edae5"
"7521","Vidreiros","2,09 Mil","#9edae5"
"7522","Trabalhadores da Transformação de Vidros","8,94 Mil","#9edae5"
"7523","Ceramistas","42,1 Mil","#9edae5"
"7524","Vidreiros e Ceramistas (Arte e Decoração)","4,07 Mil","#9edae5"
"7601","Supervisores da Indústria Têxtil","19,6 Mil","#9edae5"
"7602","Supervisores da Indústria do Curtimento","196","#9edae5"
"7603","Supervisores na Confecção do Vestuário","15,4 Mil","#9edae5"
"7604","Supervisores na Confecção de Calçados","8,28 Mil","#9edae5"
"7605","Supervisores na Confecção de Produtos de Tecido","3,67 Mil","#9edae5"
"7606","Supervisores Das Artes Gráficas","5,05 Mil","#9edae5"
"7610","Trabalhadores Polivalentes Das Indústrias Têxteis","32,3 Mil","#9edae5"
"7611","Trabalhadores de Fibras Têxteis e Lã","1,48 Mil","#9edae5"
"7612","Operadores de Fiação","22,4 Mil","#9edae5"
"7613","Operadores de Tear","32,2 Mil","#9edae5"
"7614","Trabalhadores de Tingimento e Estamparia","25,5 Mil","#9edae5"
"7618","Inspetores de Produção Têxtil","23,5 Mil","#9edae5"
"7620","Trabalhadores Polivalentes de Couros e Peles","8,96 Mil","#9edae5"
"7621","Trabalhadores da Preparação de Couros e Peles","2,07 Mil","#9edae5"
"7622","Trabalhadores do Curtimento de Couros e Peles","5,38 Mil","#9edae5"
"7623","Trabalhadores do Acabamento de Couros e Peles","7,01 Mil","#9edae5"
"7630","Trabalhadores Polivalentes da Confecção de Roupas","64,8 Mil","#9edae5"
"7631","Trabalhadores da Preparação da Confecção de Roupas","107 Mil","#9edae5"
"7632","Operadores de Máquinas de Costura","330 Mil","#9edae5"
"7633","Operadores de Máquinas de Bordar","58,6 Mil","#9edae5"
"7640","Trabalhadores Polivalentes da Confecção de Calçados","89,2 Mil","#9edae5"
"7641","Trabalhadores da Preparação da Confecção de Calçados","61,3 Mil","#9edae5"
"7642","Operadores de Máquinas de Costurar e Montar Calçados","41,5 Mil","#9edae5"
"7643","Trabalhadores de Acabamento de Calçados","21,9 Mil","#9edae5"
"7650","Trabalhadores Polivalentes da Confecção de Tecido e Couro","1,73 Mil","#9edae5"
"7651","Trabalhadores na Preparação de Tecidos e Couro","5,4 Mil","#9edae5"
"7652","Trabalhadores na Confecção de Produtos de Tecidos e Couros","20,3 Mil","#9edae5"
"7653","Operadores na Confecção de Produtos de Couro","5,64 Mil","#9edae5"
"7654","Trabalhadores do Acabamento de Produtos de Tecido e Couro","5,87 Mil","#9edae5"
"7661","Trabalhadores da Pré-Impressão Gráfica","28,5 Mil","#9edae5"
"7662","Trabalhadores da Impressão Gráfica","60,6 Mil","#9edae5"
"7663","Trabalhadores do Acabamento Gráfico","47,9 Mil","#9edae5"
"7664","Trabalhadores de Laboratório Fotográfico","7,18 Mil","#9edae5"
"7681","Trabalhadores de Tecelagem Manual e Afins","2,94 Mil","#9edae5"
"7682","Artesãos de Peças e Tecidos","2,58 Mil","#9edae5"
"7683","Artesãos da Confecção de Artefatos de Couros e Peles","16,9 Mil","#9edae5"
"7686","Trabalhadores Tipográficos","4,52 Mil","#9edae5"
"7687","Encadernadores de Livros","2,24 Mil","#9edae5"
"7701","Supervisores Das Indústrias de Mobiliário","11,9 Mil","#9edae5"
"7711","Marceneiros","94,1 Mil","#9edae5"
"7721","Trabalhadores da Preparação da Madeira","16,3 Mil","#9edae5"
"7731","Operadores de Desdobramento de Madeira","36,2 Mil","#9edae5"
"7732","Operadores de Prensagem de Placas","2,97 Mil","#9edae5"
"7733","Operadores de Maquinário da Madeira","30,8 Mil","#9edae5"
"7734","Operadores de Máquinas de Usinar Madeira","10,1 Mil","#9edae5"
"7735","Operadores de Usinagem de Madeira CNC","5,01 Mil","#9edae5"
"7741","Trabalhadores de Montagem de Móveis","86,2 Mil","#9edae5"
"7751","Trabalhadores em Acabamento de Madeira","7,33 Mil","#9edae5"
"7764","Artesãos da Madeira","3,65 Mil","#9edae5"
"7771","Carpinteiros Navais","612","#9edae5"
"7772","Carpinteiros de Carroçarias e Carretas","965","#9edae5"
"7801","Supervisores de Embalagem e Etiquetagem","11 Mil","#9edae5"
"7811","Operadores de Processos Robotizados","1,19 Mil","#9edae5"
"7813","Operadores de Veículos Subaquáticos","1,03 Mil","#9edae5"
"7817","Trabalhadores Subaquáticos","2,2 Mil","#9edae5"
"7821","Operadores de Equipamentos de Elevação","48,5 Mil","#9edae5"
"7822","Operadores de Equipamentos de Movimentação de Cargas","146 Mil","#9edae5"
"7823","Motoristas de Veículos de Passageiros","556 Mil","#9edae5"
"7824","Motoristas de Transportes Públicos","379 Mil","#9edae5"
"7825","Motoristas de Veículos de Carga","998 Mil","#9edae5"
"7826","Operadores de Veículos Sobre Trilhos e Cabos","13,1 Mil","#9edae5"
"7827","Trabalhadores Aquaviários","27,2 Mil","#9edae5"
"7828","Condutores de Veículos de Tração Animal","3,23 Mil","#9edae5"
"7831","Trabalhadores de Transporte Sobre Trilhos","14,4 Mil","#9edae5"
"7832","Trabalhadores de Carga e Descarga de Mercadorias","580 Mil","#9edae5"
"7841","Trabalhadores de Embalagem e Etiquetagem","269 Mil","#9edae5"
"7842","Alimentadores de Linhas de Produção","951 Mil","#9edae5"
"7911","Artesãos","839","#9edae5"
"8101","Supervisores de Produção em Indústrias Químicas","7,95 Mil","#ffc41c"
"8102","Supervisores de Produção de Plásticos e Borracha","7,08 Mil","#ffc41c"
"8103","Supervisores de Produção de Farmacêuticos","2,48 Mil","#ffc41c"
"8110","Operadores Polivalentes em Indústrias Químicas","9,78 Mil","#ffc41c"
"8111","Operadores de Moagem e Mistura de Materiais","16,6 Mil","#ffc41c"
"8112","Trabalhadores de Tratamentos Químicos","1,75 Mil","#ffc41c"
"8113","Operadores de Filtragem e Separação","18,3 Mil","#ffc41c"
"8114","Operadores de Destilação, Evaporação e Reação","6,87 Mil","#ffc41c"
"8115","Operadores de Produção e Refino de Petróleo e Gás","2,09 Mil","#ffc41c"
"8116","Operadores de Equipamentos de Coqueificação","4,82 Mil","#ffc41c"
"8117","Operadores de Máquinas de Produtos Plásticos","91,4 Mil","#ffc41c"
"8118","Operadores de Instalações Farmacêuticas","19,2 Mil","#ffc41c"
"8121","Trabalhadores da Fabricação de Munição e Explosivos","2,76 Mil","#ffc41c"
"8131","Operadores de Outras Instalações Químicas","70,9 Mil","#ffc41c"
"8181","Operadores de Laboratório Industrial","22,4 Mil","#ffc41c"
"8201","Supervisores de Siderúrgia","2,93 Mil","#ffc41c"
"8202","Supervisores de Materiais de Construção","6,17 Mil","#ffc41c"
"8211","Operadores de Instalações de Sinterização","3,99 Mil","#ffc41c"
"8212","Operadores de Fornos de Primeira Fusão e Aciaria","23,5 Mil","#ffc41c"
"8213","Operadores de Laminação","11,3 Mil","#ffc41c"
"8214","Operadores de Acabamento de Chapas e Metais","60,8 Mil","#ffc41c"
"8221","Forneiros Metalúrgicos","5,61 Mil","#ffc41c"
"8231","Operadores de Preparação de Materiais de Construção","4,7 Mil","#ffc41c"
"8232","Operadores de Fabricação de Materiais de Construção","10,4 Mil","#ffc41c"
"8233","Operadores de Equipamentos de Materiais de Construção","28,1 Mil","#ffc41c"
"8281","Trabalhadores da Fabricação de Cerâmica para Construção","48,7 Mil","#ffc41c"
"8301","Supervisores da Fabricação de Papel e Celulose","3,39 Mil","#ffc41c"
"8311","Trabalhadores da Fabricação de Pasta de Papel","5,42 Mil","#ffc41c"
"8321","Operadores de Máquinas de Fabricar Papel","21,3 Mil","#ffc41c"
"8331","Operação de Máquinas na Fabricação de Produtos de Papel","13,2 Mil","#ffc41c"
"8332","Artesãos de Produtos de Papel","3,09 Mil","#ffc41c"
"8401","Supervisores da Fabricação de Alimentos","23,7 Mil","#ffc41c"
"8411","Trabalhadores da Indústria de Grãos","10,1 Mil","#ffc41c"
"8412","Trabalhadores no Beneficiamento do Sal","1,77 Mil","#ffc41c"
"8413","Trabalhadores na Fabricação e Refino de Açúcar","14,5 Mil","#ffc41c"
"8414","Trabalhadores na Fabricação e Conservação de Alimentos","76,3 Mil","#ffc41c"
"8415","Trabalhadores na Fabricação de Laticínios","24,7 Mil","#ffc41c"
"8416","Trabalhadores na Industrialização de Café e Mate","2,86 Mil","#ffc41c"
"8417","Trabalhadores na Fabricação de Bebidas","10,3 Mil","#ffc41c"
"8418","Operadores de Equipamentos de Massas","36 Mil","#ffc41c"
"8421","Cigarreiros e Beneficiadores de Fumo","4,46 Mil","#ffc41c"
"8422","Charuteiros","645","#ffc41c"
"8423","Cigarreiros","0","#ffc41c"
"8481","Artesãos na Conservação de Alimentos","14,5 Mil","#ffc41c"
"8482","Artesãos na Fabricação de Laticínios","5,92 Mil","#ffc41c"
"8483","Padeiros e Confeiteiros","209 Mil","#ffc41c"
"8484","Trabalhadores na Degustação","5,37 Mil","#ffc41c"
"8485","Magarefes","395 Mil","#ffc41c"
"8486","Artesãos na Indústria do Fumo","612","#ffc41c"
"8601","Supervisores da Produção de Utilidades","12 Mil","#ffc41c"
"8611","Operadores de Geração de Energia","8,82 Mil","#ffc41c"
"8612","Operadores de Distribuição de Energia","2,45 Mil","#ffc41c"
"8621","Operadores de Máquinas a Vapor","199 Mil","#ffc41c"
"8622","Operadores de Instalações de Água","22,1 Mil","#ffc41c"
"8623","Operadores de Instalações de Esgoto","17,2 Mil","#ffc41c"
"8624","Operadores de Instalações de Gás","3,03 Mil","#ffc41c"
"8625","Operadores de Instalações de Refrigeração","4,11 Mil","#ffc41c"
"9101","Supervisores de Manutenção de Máquinas","30,8 Mil","#581f05"
"9102","Supervisores de Manutenção Veicular","7,33 Mil","#581f05"
"9109","Outros Supervisores de Reparação e Manutenção","1,93 Mil","#581f05"
"9111","Mecânicos de Bombas e Motores","21,8 Mil","#581f05"
"9112","Mecânicos de Aparelhos de Refrigeração","26,6 Mil","#581f05"
"9113","Mecânicos de Máquinas Industriais","212 Mil","#581f05"
"9131","Mecânicos de Máquinas Pesadas","34,1 Mil","#581f05"
"9141","Mecânicos de Manutenção de Aeronaves","12,4 Mil","#581f05"
"9142","Mecânicos de Manutenção de Equipamentos Navais","1,12 Mil","#581f05"
"9143","Mecânicos de Manutenção Metroferroviária","9,5 Mil","#581f05"
"9144","Mecânicos de Veículos Automotores","241 Mil","#581f05"
"9151","Técnicos em Manutenção de Instrumentos de Medição","3,91 Mil","#581f05"
"9152","Restauradores de Instrumentos Musicais","187","#581f05"
"9153","Técnicos em Manutenção de Equipamentos Biomédicos","2,21 Mil","#581f05"
"9154","Reparadores de Equipamentos Fotográficos","120","#581f05"
"9191","Lubrificadores","28,1 Mil","#581f05"
"9192","Trabalhadores de Manutenção de Roçadeiras","24,2 Mil","#581f05"
"9193","Mecânicos de Equipamentos Esportivos","7,39 Mil","#581f05"
"9501","Supervisores de Manutenção Eletroeletrônica","14,2 Mil","#581f05"
"9502","Supervisores de Eletroeletrônica Veicular","2,58 Mil","#581f05"
"9503","Supervisores de Manutenção Eletromecânica","7,21 Mil","#581f05"
"9511","Eletricistas de Manutenção Eletroeletrônica","115 Mil","#581f05"
"9513","Técnicos de Sistemas Eletroeletrônicos de Segurança","14,1 Mil","#581f05"
"9531","Eletricistas Eletrônicos de Manutenção Veicular","32,1 Mil","#581f05"
"9541","Técnicos de Elevadores","24,1 Mil","#581f05"
"9542","Reparadores de Aparelhos Eletrodomésticos","2,9 Mil","#581f05"
"9543","Reparadores de Equipamentos de Escritório","2,03 Mil","#581f05"
"9911","Trabalhadores da Manutenção de Trilhos","9,49 Mil","#581f05"
"9912","Mantenedores de Parques de Diversões","1,53 Mil","#581f05"
"9913","Reparadores de Carrocerias de Veículos","43,8 Mil","#581f05"
"9914","Mantenedores de Edificações","0","#581f05"
"9921","Mecânicos Veicular Básico","46,6 Mil","#581f05"
"9922","Trabalhadores de Conservação de Estradas","212 Mil","#581f05"
"xxxx","Não Declarada","817 Mil","#C7C7C7"